time,Bx,By,Bz,Btotal
0.000,-228.75,-166.90,102.21,301.05
0.010,-228.70,-166.96,102.25,301.06
0.020,-228.71,-166.98,102.13,301.03
0.030,-228.78,-166.95,102.14,301.07
0.040,-228.78,-166.94,102.16,301.08
0.050,-228.78,-166.91,102.19,301.07
0.060,-228.79,-166.95,102.30,301.14
0.070,-228.80,-166.89,102.33,301.12
0.080,-228.68,-166.90,102.42,301.07
0.090,-228.69,-166.91,102.33,301.04
0.100,-228.59,-166.75,102.44,300.92
0.110,-228.58,-166.76,102.40,300.91
0.120,-228.55,-166.77,102.26,300.84
0.130,-228.51,-166.77,102.26,300.81
0.140,-228.52,-166.78,102.18,300.79
0.150,-228.54,-166.73,102.29,300.82
0.160,-228.62,-166.63,102.25,300.81
0.170,-228.59,-166.67,102.39,300.86
0.180,-228.62,-166.66,102.44,300.89
0.190,-228.56,-166.65,102.48,300.86
0.200,-228.49,-166.70,102.39,300.80
0.210,-228.53,-166.67,102.31,300.78
0.220,-228.53,-166.68,102.43,300.83
0.230,-228.64,-166.63,102.30,300.84
0.240,-228.57,-166.49,102.25,300.70
0.250,-228.63,-166.43,102.23,300.71
0.260,-228.69,-166.44,102.22,300.75
0.270,-228.81,-166.38,102.16,300.79
0.280,-228.78,-166.41,102.27,300.82
0.290,-228.75,-166.42,102.16,300.77
0.300,-228.69,-166.47,102.27,300.78
0.310,-228.67,-166.41,102.17,300.69
0.320,-228.63,-166.48,102.23,300.72
0.330,-228.59,-166.54,102.30,300.75
0.340,-228.67,-166.47,102.32,300.79
0.350,-228.67,-166.47,102.31,300.78
0.360,-228.71,-166.48,102.28,300.81
0.370,-228.73,-166.41,102.31,300.79
0.380,-228.75,-166.39,102.37,300.82
0.390,-228.68,-166.42,102.35,300.77
0.400,-228.65,-166.44,102.34,300.76
0.410,-228.69,-166.48,102.27,300.79
0.420,-228.68,-166.45,102.24,300.75
0.430,-228.68,-166.47,102.25,300.77
0.440,-228.67,-166.53,102.18,300.78
0.450,-228.73,-166.50,102.21,300.81
0.460,-228.75,-166.51,102.20,300.83
0.470,-228.73,-166.53,102.16,300.81
0.480,-228.71,-166.56,102.19,300.82
0.490,-228.71,-166.55,102.21,300.83
0.500,-228.76,-166.60,102.22,300.89
0.510,-228.68,-166.52,102.28,300.81
0.520,-228.73,-166.47,102.23,300.80
0.530,-228.69,-166.51,102.35,300.84
0.540,-228.64,-166.59,102.32,300.83
0.550,-228.66,-166.59,102.34,300.85
0.560,-228.61,-166.63,102.27,300.81
0.570,-228.55,-166.69,102.22,300.78
0.580,-228.49,-166.74,102.32,300.80
0.590,-228.53,-166.67,102.28,300.78
0.600,-228.51,-166.64,102.37,300.78
0.610,-228.59,-166.66,102.29,300.82
0.620,-228.55,-166.70,102.29,300.81
0.630,-228.58,-166.70,102.37,300.86
0.640,-228.64,-166.74,102.32,300.91
0.650,-228.70,-166.69,102.34,300.93
0.660,-228.74,-166.64,102.38,300.96
0.670,-228.71,-166.58,102.41,300.90
0.680,-228.66,-166.58,102.41,300.87
0.690,-228.63,-166.61,102.43,300.87
0.700,-228.62,-166.62,102.46,300.88
0.710,-228.57,-166.58,102.43,300.81
0.720,-228.57,-166.61,102.41,300.82
0.730,-228.52,-166.61,102.48,300.80
0.740,-228.51,-166.63,102.47,300.81
0.750,-228.59,-166.65,102.35,300.84
0.760,-228.62,-166.68,102.39,300.89
0.770,-228.64,-166.66,102.37,300.88
0.780,-228.60,-166.70,102.45,300.91
0.790,-228.56,-166.73,102.46,300.90
0.800,-228.58,-166.71,102.27,300.83
0.810,-228.55,-166.72,102.29,300.82
0.820,-228.59,-166.75,102.26,300.86
0.830,-228.59,-166.76,102.33,300.89
0.840,-228.60,-166.74,102.38,300.91
0.850,-228.62,-166.70,102.34,300.88
0.860,-228.56,-166.69,102.27,300.80
0.870,-228.57,-166.65,102.15,300.75
0.880,-228.60,-166.63,102.04,300.73
0.890,-228.67,-166.62,102.11,300.79
0.900,-228.59,-166.62,102.21,300.77
0.910,-228.61,-166.67,102.25,300.82
0.920,-228.60,-166.73,102.29,300.87
0.930,-228.63,-166.79,102.35,300.94
0.940,-228.69,-166.80,102.35,300.99
0.950,-228.71,-166.76,102.34,300.98
0.960,-228.67,-166.79,102.32,300.96
0.970,-228.68,-166.79,102.32,300.98
0.980,-228.70,-166.77,102.39,301.00
0.989,-228.70,-166.82,102.42,301.03
1.000,-228.75,-166.85,102.32,301.06
1.010,-228.75,-166.82,102.37,301.05
1.020,-228.74,-166.77,102.46,301.05
1.030,-228.71,-166.78,102.43,301.02
1.040,-228.56,-166.75,102.42,300.89
1.050,-228.59,-166.71,102.26,300.84
1.060,-228.56,-166.76,102.29,300.85
1.070,-228.60,-166.83,102.26,300.91
1.080,-228.57,-166.89,102.28,300.93
1.090,-228.50,-166.89,102.23,300.86
1.100,-228.41,-166.96,102.29,300.85
1.110,-228.57,-166.97,102.14,300.93
1.120,-228.58,-166.98,102.04,300.90
1.130,-228.59,-166.99,102.00,300.90
1.140,-228.57,-166.98,102.07,300.90
1.150,-228.54,-166.91,102.12,300.86
1.160,-228.61,-166.91,102.14,300.92
1.170,-228.67,-166.86,102.22,300.97
1.180,-228.69,-166.84,102.25,300.99
1.189,-228.62,-166.77,102.30,300.90
1.200,-228.63,-166.80,102.29,300.93
1.210,-228.59,-166.75,102.29,300.87
1.220,-228.62,-166.74,102.33,300.89
1.230,-228.55,-166.81,102.38,300.91
1.240,-228.55,-166.84,102.39,300.92
1.250,-228.52,-166.76,102.35,300.85
1.260,-228.58,-166.77,102.33,300.89
1.270,-228.59,-166.77,102.13,300.83
1.280,-228.50,-166.54,102.20,300.65
1.290,-228.49,-166.53,102.11,300.61
1.299,-228.44,-166.52,102.11,300.56
1.309,-228.53,-166.48,102.20,300.64
1.320,-228.58,-166.42,102.16,300.63
1.330,-228.58,-166.47,102.21,300.67
1.340,-228.62,-166.43,102.21,300.69
1.350,-228.59,-166.42,102.15,300.64
1.360,-228.60,-166.38,102.09,300.60
1.369,-228.67,-166.37,102.07,300.64
1.380,-228.74,-166.36,102.06,300.69
1.389,-228.72,-166.29,102.06,300.63
1.399,-228.74,-166.29,102.02,300.64
1.409,-228.70,-166.37,102.08,300.67
1.420,-228.69,-166.44,102.19,300.74
1.429,-228.68,-166.46,102.19,300.74
1.440,-228.61,-166.47,102.18,300.69
1.449,-228.56,-166.55,102.24,300.72
1.460,-228.54,-166.59,102.25,300.73
1.469,-228.55,-166.51,102.25,300.70
1.480,-228.47,-166.56,102.28,300.67
1.490,-228.44,-166.50,102.30,300.62
1.500,-228.43,-166.51,102.21,300.58
1.510,-228.41,-166.53,102.23,300.59
1.519,-228.48,-166.53,102.12,300.60
1.529,-228.54,-166.47,102.13,300.62
1.540,-228.52,-166.51,102.13,300.63
1.549,-228.52,-166.53,102.13,300.64
1.559,-228.60,-166.51,102.19,300.71
1.569,-228.66,-166.50,102.09,300.72
1.579,-228.56,-166.52,102.15,300.67
1.589,-228.57,-166.54,102.18,300.70
1.599,-228.55,-166.54,102.27,300.72
1.610,-228.50,-166.63,102.22,300.71
1.619,-228.49,-166.62,102.15,300.68
1.629,-228.49,-166.56,102.17,300.65
1.639,-228.47,-166.55,102.16,300.62
1.649,-228.46,-166.56,102.14,300.62
1.659,-228.46,-166.54,102.16,300.61
1.669,-228.51,-166.47,102.19,300.62
1.679,-228.49,-166.43,102.21,300.60
1.689,-228.50,-166.48,102.18,300.61
1.700,-228.50,-166.54,102.23,300.66
1.709,-228.45,-166.65,102.20,300.67
1.719,-228.44,-166.71,102.19,300.70
1.729,-228.47,-166.65,102.17,300.68
1.739,-228.46,-166.64,102.21,300.68
1.749,-228.46,-166.57,102.10,300.60
1.759,-228.43,-166.63,102.15,300.64
1.769,-228.50,-166.57,102.10,300.64
1.779,-228.52,-166.55,102.00,300.61
1.789,-228.53,-166.55,102.02,300.62
1.799,-228.46,-166.54,101.97,300.55
1.809,-228.42,-166.60,102.08,300.59
1.819,-228.38,-166.55,101.98,300.50
1.829,-228.46,-166.54,102.00,300.55
1.839,-228.39,-166.61,102.04,300.55
1.849,-228.39,-166.68,102.09,300.61
1.859,-228.39,-166.66,102.06,300.59
1.869,-228.36,-166.60,102.08,300.54
1.879,-228.37,-166.55,102.11,300.53
1.889,-228.40,-166.61,102.06,300.57
1.899,-228.41,-166.64,102.03,300.58
1.909,-228.41,-166.65,102.08,300.60
1.919,-228.36,-166.64,102.11,300.57
1.929,-228.37,-166.67,102.11,300.60
1.939,-228.36,-166.64,102.06,300.56
1.949,-228.43,-166.64,102.05,300.61
1.959,-228.53,-166.63,102.07,300.68
1.969,-228.53,-166.57,102.08,300.65
1.979,-228.52,-166.57,102.11,300.66
1.989,-228.55,-166.51,102.10,300.64
1.999,-228.66,-166.45,102.11,300.69
2.009,-228.62,-166.42,102.12,300.65
2.019,-228.56,-166.42,102.02,300.57
2.029,-228.45,-166.46,102.06,300.53
2.039,-228.45,-166.47,101.90,300.47
2.049,-228.41,-166.50,101.86,300.45
2.059,-228.32,-166.57,101.77,300.39
2.069,-225.66,-155.50,101.82,292.35
2.079,-225.66,-155.48,101.91,292.37
2.089,-225.64,-155.38,101.89,292.30
2.099,-225.61,-155.37,101.99,292.30
2.109,-225.58,-155.41,101.93,292.28
2.119,-225.54,-155.44,102.03,292.30
2.129,-225.58,-155.42,102.03,292.32
2.139,-225.58,-155.32,102.02,292.27
2.149,-225.58,-155.29,102.13,292.29
2.160,-225.57,-155.29,102.06,292.25
2.169,-225.52,-155.29,102.06,292.22
2.179,-225.48,-155.27,101.96,292.15
2.189,-225.49,-155.33,102.09,292.22
2.199,-225.54,-155.29,102.06,292.23
2.209,-225.55,-155.29,102.03,292.23
2.219,-225.51,-155.32,102.03,292.22
2.229,-225.56,-155.28,102.01,292.22
2.239,-225.54,-155.22,102.14,292.22
2.249,-225.61,-155.20,102.08,292.24
2.259,-225.57,-155.16,102.02,292.17
2.269,-225.63,-155.18,101.89,292.18
2.279,-225.71,-155.12,101.86,292.20
2.289,-225.75,-155.02,101.86,292.18
2.299,-225.77,-155.04,101.83,292.20
2.309,-225.73,-155.04,101.82,292.17
2.319,-225.78,-154.94,101.64,292.09
2.329,-225.80,-154.94,101.70,292.12
2.339,-225.80,-154.92,101.72,292.11
2.349,-225.79,-154.96,101.64,292.10
2.359,-225.78,-154.96,101.64,292.10
2.369,-225.84,-154.97,101.57,292.12
2.379,-225.86,-154.93,101.55,292.11
2.389,-225.85,-154.91,101.49,292.07
2.399,-225.83,-154.92,101.46,292.05
2.409,-225.85,-154.93,101.51,292.09
2.419,-225.79,-154.86,101.53,292.01
2.429,-225.79,-154.81,101.55,291.99
2.439,-225.75,-154.79,101.52,291.94
2.449,-225.72,-154.86,101.57,291.97
2.459,-225.77,-154.83,101.47,291.96
2.469,-225.45,-152.32,100.48,290.05
2.479,-225.42,-152.32,100.41,290.00
2.489,-225.45,-152.39,100.37,290.04
2.499,-225.50,-152.39,100.30,290.06
2.509,-225.60,-152.40,100.27,290.13
2.519,-225.59,-152.39,100.18,290.09
2.529,-225.63,-152.49,100.25,290.19
2.539,-225.56,-152.47,100.37,290.17
2.549,-225.60,-152.51,100.35,290.21
2.559,-225.55,-152.53,100.42,290.21
2.569,-225.57,-152.55,100.43,290.24
2.579,-225.56,-152.62,100.40,290.26
2.589,-225.52,-152.72,100.36,290.27
2.599,-225.55,-152.73,100.29,290.27
2.609,-225.51,-152.75,100.39,290.29
2.619,-225.52,-152.76,100.27,290.25
2.629,-225.49,-152.72,100.21,290.19
2.639,-225.51,-152.66,100.20,290.17
2.649,-225.51,-152.62,100.12,290.12
2.659,-225.50,-152.61,100.09,290.10
2.669,-225.50,-152.60,100.09,290.10
2.679,-225.44,-152.64,100.12,290.08
2.689,-225.30,-152.62,100.16,289.97
2.699,-225.27,-152.64,100.13,289.95
2.709,-225.32,-152.65,100.10,289.98
2.719,-225.30,-152.59,100.09,289.94
2.729,-225.30,-152.61,100.15,289.96
2.739,-225.28,-152.66,100.26,290.01
2.749,-225.34,-152.63,100.27,290.05
2.759,-225.35,-152.61,100.28,290.05
2.769,-225.32,-152.60,100.24,290.01
2.779,-225.33,-152.59,100.10,289.96
2.789,-225.27,-152.56,100.12,289.91
2.799,-225.28,-152.58,100.04,289.90
2.809,-225.20,-152.68,100.21,289.95
2.819,-225.24,-152.67,100.07,289.92
2.829,-225.24,-152.65,100.05,289.91
2.839,-225.19,-152.63,99.99,289.83
2.849,-225.16,-152.69,99.90,289.82
2.859,-225.26,-153.83,99.86,290.48
2.869,-225.28,-153.81,99.80,290.46
2.879,-225.32,-153.76,99.81,290.47
2.889,-225.37,-153.70,99.83,290.49
2.899,-225.36,-153.75,99.80,290.49
2.909,-225.37,-153.78,99.69,290.48
2.919,-225.31,-153.77,99.66,290.42
2.929,-225.36,-153.78,99.61,290.45
2.939,-225.36,-153.74,99.54,290.40
2.949,-225.34,-153.72,99.54,290.37
2.959,-225.30,-153.71,99.48,290.31
2.969,-225.26,-153.77,99.45,290.30
2.979,-225.18,-153.84,99.46,290.29
2.989,-225.09,-153.83,99.43,290.20
2.999,-225.12,-153.78,99.32,290.16
3.009,-225.19,-153.72,99.30,290.18
3.019,-225.18,-153.70,99.26,290.15
3.029,-225.20,-153.71,99.25,290.16
3.039,-225.16,-153.74,99.23,290.14
3.049,-225.11,-153.74,99.24,290.10
3.059,-225.06,-153.82,99.28,290.12
3.069,-225.11,-153.82,99.12,290.10
3.079,-225.09,-153.84,99.14,290.10
3.089,-225.09,-153.77,99.05,290.04
3.099,-225.06,-153.76,99.06,290.01
3.109,-225.13,-153.70,99.07,290.04
3.119,-225.14,-153.66,98.95,289.99
3.129,-225.07,-153.72,99.02,289.98
3.139,-225.06,-153.81,98.92,289.99
3.149,-225.05,-153.85,98.85,289.98
3.159,-225.08,-153.84,98.81,289.99
3.169,-225.06,-153.84,98.83,289.98
3.179,-225.08,-153.80,98.83,289.97
3.189,-225.06,-153.81,98.79,289.94
3.199,-225.10,-153.85,98.80,290.00
3.209,-225.11,-153.80,98.89,290.02
3.219,-225.12,-153.84,98.94,290.06
3.229,-225.10,-153.82,98.99,290.05
3.239,-225.06,-153.85,98.90,290.00
3.249,-225.04,-153.78,98.82,289.92
3.259,-225.27,-155.33,98.54,290.83
3.269,-225.20,-155.36,98.54,290.80
3.279,-225.21,-155.39,98.49,290.80
3.289,-225.20,-155.39,98.53,290.81
3.299,-225.19,-155.37,98.36,290.73
3.309,-225.15,-155.44,98.35,290.73
3.319,-225.26,-155.43,98.30,290.80
3.329,-225.31,-155.36,98.22,290.77
3.339,-225.28,-155.40,98.28,290.79
3.349,-225.27,-155.43,98.30,290.81
3.359,-225.27,-155.46,98.26,290.81
3.369,-225.25,-155.46,98.21,290.78
3.379,-225.28,-155.46,98.16,290.79
3.389,-225.21,-155.44,98.15,290.72
3.399,-225.14,-155.42,98.15,290.65
3.409,-225.18,-155.45,98.12,290.69
3.419,-225.15,-155.52,98.13,290.70
3.429,-225.14,-155.59,98.09,290.72
3.439,-225.15,-155.66,97.97,290.72
3.449,-225.15,-155.65,97.89,290.69
3.459,-225.12,-155.61,97.85,290.63
3.469,-225.11,-155.60,97.80,290.60
3.479,-225.11,-155.59,97.75,290.58
3.489,-225.10,-155.59,97.82,290.60
3.499,-225.12,-155.58,97.71,290.57
3.509,-225.12,-155.60,97.60,290.54
3.519,-225.08,-155.61,97.62,290.52
3.529,-225.08,-155.57,97.46,290.45
3.539,-225.05,-155.60,97.51,290.46
3.549,-225.09,-155.66,97.42,290.50
3.559,-225.05,-155.69,97.35,290.46
3.569,-225.07,-155.68,97.33,290.46
3.579,-225.08,-155.69,97.33,290.47
3.589,-225.01,-155.68,97.45,290.45
3.599,-225.05,-155.64,97.38,290.43
3.609,-224.93,-155.68,97.41,290.37
3.619,-224.83,-155.72,97.26,290.27
3.629,-224.89,-155.74,97.19,290.30
3.639,-224.90,-155.75,97.21,290.33
3.649,-224.99,-158.62,97.32,291.98
3.659,-225.02,-158.63,97.15,291.95
3.669,-224.94,-158.64,97.07,291.87
3.679,-225.00,-158.63,97.05,291.91
3.689,-225.02,-158.66,97.06,291.94
3.699,-225.02,-158.67,97.02,291.93
3.709,-225.03,-158.68,96.92,291.91
3.719,-225.01,-158.74,96.93,291.93
3.729,-224.97,-158.77,96.97,291.93
3.739,-224.89,-158.78,96.94,291.86
3.749,-224.87,-158.80,96.82,291.82
3.759,-224.83,-158.91,96.85,291.86
3.769,-224.86,-158.92,96.73,291.85
3.779,-224.88,-158.93,96.69,291.86
3.789,-224.86,-158.95,96.63,291.83
3.799,-224.89,-158.95,96.55,291.82
3.809,-224.82,-158.94,96.64,291.79
3.819,-224.85,-158.94,96.50,291.78
3.829,-224.88,-159.01,96.51,291.84
3.839,-224.89,-158.97,96.51,291.82
3.849,-224.86,-158.94,96.57,291.80
3.859,-224.92,-159.01,96.61,291.90
3.869,-224.91,-159.00,96.56,291.87
3.879,-224.89,-159.07,96.41,291.84
3.889,-224.85,-159.06,96.34,291.78
3.899,-224.87,-158.99,96.28,291.75
3.909,-224.92,-159.03,96.35,291.82
3.919,-224.93,-158.99,96.35,291.82
3.929,-224.89,-158.99,96.38,291.80
3.939,-224.81,-159.05,96.36,291.75
3.949,-224.82,-158.99,96.30,291.72
3.959,-224.84,-159.01,96.32,291.74
3.969,-224.89,-159.08,96.24,291.79
3.979,-224.85,-159.10,96.24,291.78
3.989,-224.87,-159.10,96.28,291.81
3.999,-224.91,-159.06,96.19,291.78
4.009,-224.84,-159.14,96.16,291.76
4.019,-224.82,-159.13,96.11,291.72
4.029,-224.88,-159.19,96.05,291.78
4.039,-224.81,-159.24,96.07,291.77
4.049,-224.59,-159.41,95.91,291.64
4.059,-224.52,-159.45,95.94,291.61
4.069,-224.57,-159.47,95.83,291.62
4.079,-224.57,-159.51,95.92,291.68
4.089,-224.56,-159.55,95.99,291.72
4.099,-224.48,-159.64,95.96,291.70
4.109,-224.44,-159.68,95.93,291.67
4.119,-224.43,-159.70,95.74,291.61
4.129,-224.38,-159.75,95.77,291.61
4.139,-224.38,-159.73,95.67,291.57
4.149,-224.40,-159.81,95.68,291.63
4.159,-224.43,-159.82,95.65,291.65
4.169,-224.40,-159.74,95.64,291.58
4.179,-224.38,-159.77,95.68,291.59
4.189,-224.36,-159.79,95.59,291.56
4.199,-224.37,-159.82,95.63,291.60
4.209,-224.35,-159.86,95.47,291.55
4.219,-224.29,-159.94,95.53,291.57
4.229,-224.17,-159.96,95.42,291.45
4.239,-224.12,-160.07,95.41,291.47
4.249,-224.10,-160.08,95.42,291.46
4.259,-224.13,-160.03,95.29,291.42
4.269,-224.13,-160.00,95.30,291.41
4.279,-224.21,-159.94,95.21,291.40
4.289,-224.21,-159.93,95.28,291.42
4.299,-224.21,-159.99,95.27,291.45
4.309,-224.19,-160.04,95.26,291.46
4.319,-224.17,-160.08,95.13,291.43
4.329,-224.16,-160.04,95.00,291.35
4.339,-224.14,-159.97,94.94,291.27
4.349,-224.19,-159.93,94.95,291.30
4.359,-224.24,-159.97,94.87,291.33
4.369,-224.22,-160.05,94.81,291.34
4.379,-224.18,-160.12,94.77,291.34
4.389,-224.14,-160.09,94.81,291.31
4.399,-224.19,-160.09,94.91,291.37
4.408,-224.20,-160.05,94.85,291.34
4.419,-224.23,-160.14,94.78,291.39
4.429,-224.25,-160.15,94.75,291.40
4.438,-224.54,-158.76,94.64,290.83
4.449,-224.52,-158.73,94.58,290.77
4.459,-224.53,-158.79,94.49,290.78
4.469,-224.52,-158.84,94.50,290.81
4.479,-224.51,-158.88,94.50,290.82
4.489,-224.52,-158.93,94.42,290.83
4.499,-224.54,-158.93,94.41,290.85
4.509,-224.56,-158.95,94.31,290.84
4.518,-224.54,-159.06,94.20,290.85
4.529,-224.51,-159.06,94.26,290.85
4.539,-224.50,-159.08,94.19,290.82
4.549,-224.47,-159.14,94.07,290.80
4.559,-224.45,-159.19,94.09,290.81
4.568,-224.46,-159.19,93.99,290.79
4.578,-224.35,-159.20,94.00,290.72
4.589,-224.38,-159.24,93.92,290.73
4.599,-224.32,-159.22,93.92,290.67
4.608,-224.34,-159.16,93.96,290.67
4.619,-224.35,-159.14,93.86,290.63
4.628,-224.36,-159.18,93.74,290.63
4.639,-224.38,-159.26,93.71,290.68
4.649,-224.39,-159.29,93.77,290.72
4.659,-224.38,-159.29,93.76,290.71
4.668,-224.32,-159.33,93.73,290.67
4.679,-224.34,-159.38,93.68,290.70
4.689,-224.39,-159.32,93.63,290.69
4.699,-224.41,-159.33,93.62,290.70
4.709,-224.38,-159.29,93.64,290.67
4.718,-224.41,-159.28,93.63,290.68
4.728,-224.39,-159.32,93.57,290.67
4.739,-224.41,-159.36,93.61,290.72
4.749,-224.42,-159.44,93.50,290.73
4.758,-224.40,-159.49,93.46,290.74
4.768,-224.41,-159.54,93.42,290.76
4.778,-224.40,-159.51,93.35,290.71
4.788,-224.35,-159.48,93.37,290.66
4.798,-224.37,-159.47,93.21,290.63
4.808,-224.21,-159.58,93.28,290.58
4.818,-224.22,-159.67,93.27,290.63
4.828,-224.19,-159.72,93.27,290.64
4.839,-224.31,-157.66,93.06,289.54
4.848,-224.34,-157.63,92.97,289.52
4.858,-224.34,-157.58,92.85,289.45
4.868,-224.37,-157.55,92.81,289.44
4.879,-224.36,-157.62,92.80,289.47
4.888,-224.35,-157.68,92.89,289.52
4.898,-224.29,-157.83,92.86,289.55
4.908,-224.22,-157.90,92.82,289.52
4.918,-224.20,-157.92,92.84,289.52
4.928,-224.33,-157.81,92.78,289.54
4.939,-224.38,-157.75,92.61,289.49
4.948,-224.41,-157.78,92.60,289.53
4.959,-224.38,-157.79,92.59,289.52
4.968,-224.36,-157.86,92.59,289.53
4.979,-224.29,-157.85,92.52,289.45
4.988,-224.23,-157.88,92.55,289.43
4.999,-224.19,-157.96,92.45,289.41
5.008,-224.14,-158.03,92.37,289.39
5.018,-224.16,-157.99,92.33,289.37
5.028,-224.25,-157.91,92.22,289.35
5.039,-224.19,-157.95,92.32,289.36
5.048,-224.24,-157.96,92.28,289.40
5.058,-224.27,-157.95,92.32,289.43
5.068,-224.26,-158.01,92.17,289.40
5.078,-224.33,-158.04,92.02,289.43
5.088,-224.28,-158.02,92.01,289.38
5.098,-224.26,-158.00,91.99,289.34
5.108,-224.25,-158.04,92.08,289.38
5.118,-224.31,-158.03,92.05,289.42
5.128,-224.27,-158.04,92.07,289.40
5.139,-224.23,-158.03,92.07,289.36
5.148,-224.22,-158.05,92.05,289.36
5.158,-224.22,-158.12,91.93,289.36
5.168,-224.23,-158.10,91.85,289.33
5.178,-224.26,-158.10,91.76,289.32
5.188,-224.32,-158.13,91.71,289.37
5.198,-224.36,-158.07,91.68,289.36
5.208,-224.34,-158.08,91.61,289.33
5.218,-224.27,-158.17,91.63,289.33
5.228,-224.51,-156.58,91.51,288.61
5.239,-224.45,-156.61,91.56,288.60
5.248,-224.32,-156.68,91.59,288.54
5.258,-224.32,-156.74,91.51,288.55
5.268,-224.32,-156.76,91.53,288.56
5.278,-224.33,-156.76,91.43,288.54
5.288,-224.32,-156.77,91.41,288.54
5.298,-224.34,-156.76,91.36,288.53
5.308,-224.36,-156.78,91.29,288.53
5.318,-224.34,-156.77,91.36,288.54
5.328,-224.44,-156.76,91.28,288.58
5.338,-224.45,-156.81,91.30,288.62
5.348,-224.44,-156.95,91.30,288.69
5.358,-224.41,-156.97,91.21,288.65
5.368,-224.36,-156.99,91.06,288.58
5.378,-224.39,-156.96,91.09,288.59
5.388,-224.38,-157.01,91.13,288.62
5.398,-224.32,-157.00,91.06,288.55
5.408,-224.32,-157.04,91.06,288.57
5.418,-224.32,-157.08,91.03,288.58
5.428,-224.26,-157.12,91.00,288.54
5.438,-224.24,-157.14,91.02,288.55
5.448,-224.29,-157.13,91.00,288.58
5.458,-224.31,-157.06,90.98,288.55
5.468,-224.23,-157.10,90.93,288.49
5.478,-224.24,-157.13,90.92,288.51
5.488,-224.19,-157.12,90.90,288.46
5.498,-224.20,-157.12,90.83,288.45
5.508,-224.22,-157.16,90.91,288.51
5.518,-224.31,-157.15,90.88,288.56
5.528,-224.38,-157.16,90.81,288.61
5.538,-224.32,-157.17,90.84,288.57
5.548,-224.30,-157.19,90.74,288.54
5.558,-224.22,-157.28,90.77,288.54
5.568,-224.29,-157.30,90.63,288.55
5.578,-224.32,-157.24,90.78,288.59
5.588,-224.31,-157.23,90.83,288.59
5.598,-224.33,-157.23,90.78,288.60
5.608,-224.30,-157.32,90.82,288.63
5.618,-224.33,-157.40,90.66,288.65
5.628,-224.29,-156.69,90.56,288.19
5.638,-224.28,-156.65,90.53,288.16
5.648,-224.29,-156.56,90.49,288.11
5.658,-224.29,-156.58,90.41,288.09
5.668,-224.23,-156.60,90.46,288.07
5.678,-224.20,-156.67,90.48,288.10
5.688,-224.13,-156.68,90.46,288.03
5.698,-224.11,-156.69,90.45,288.02
5.708,-224.06,-156.71,90.38,287.98
5.718,-224.04,-156.72,90.29,287.94
5.728,-224.05,-156.78,90.27,287.97
5.738,-224.00,-156.80,90.27,287.94
5.748,-224.01,-156.82,90.23,287.95
5.758,-224.01,-156.88,90.15,287.96
5.768,-224.02,-156.93,90.22,288.02
5.778,-224.10,-156.97,90.04,288.04
5.788,-224.08,-157.08,90.06,288.09
5.798,-223.99,-157.14,89.97,288.03
5.808,-223.93,-157.23,89.91,288.01
5.818,-223.94,-157.27,89.86,288.03
5.828,-223.99,-157.28,89.79,288.05
5.838,-223.99,-157.28,89.74,288.03
5.848,-223.94,-157.29,89.67,287.98
5.858,-223.91,-157.30,89.62,287.95
5.868,-223.93,-157.29,89.56,287.94
5.878,-223.95,-157.35,89.55,287.98
5.888,-223.94,-157.34,89.53,287.96
5.898,-223.96,-157.29,89.46,287.92
5.908,-224.00,-157.34,89.44,287.98
5.918,-223.99,-157.44,89.38,288.01
5.928,-224.02,-157.46,89.32,288.02
5.938,-223.95,-157.49,89.22,287.95
5.948,-223.95,-157.57,89.27,288.01
5.958,-223.87,-157.65,89.30,288.00
5.968,-223.79,-157.68,89.23,287.94
5.978,-223.76,-157.69,89.24,287.92
5.988,-223.78,-157.73,89.24,287.96
5.998,-223.84,-157.72,89.22,287.99
6.008,-223.92,-157.66,89.05,287.97
6.018,-223.94,-157.66,89.06,287.99
6.028,-224.00,-156.75,88.88,287.48
6.038,-223.97,-156.83,88.81,287.48
6.048,-223.96,-156.89,88.80,287.51
6.058,-223.98,-156.89,88.82,287.52
6.068,-223.98,-156.95,88.88,287.57
6.078,-224.02,-156.98,88.77,287.59
6.088,-223.98,-157.03,88.82,287.60
6.098,-224.03,-157.05,88.63,287.59
6.108,-223.96,-157.07,88.65,287.56
6.118,-223.96,-157.05,88.59,287.52
6.128,-223.96,-157.09,88.65,287.56
6.138,-223.96,-157.14,88.68,287.61
6.148,-223.99,-157.20,88.53,287.61
6.158,-223.92,-157.25,88.65,287.63
6.168,-223.98,-157.18,88.55,287.60
6.178,-223.94,-157.25,88.55,287.61
6.188,-223.95,-157.28,88.51,287.62
6.198,-223.93,-157.26,88.52,287.59
6.208,-223.89,-157.21,88.51,287.53
6.218,-223.95,-157.19,88.43,287.54
6.228,-224.01,-157.24,88.36,287.60
6.238,-223.93,-157.30,88.37,287.58
6.248,-223.99,-157.34,88.26,287.61
6.258,-223.95,-157.34,88.28,287.58
6.268,-223.93,-157.33,88.28,287.56
6.278,-223.96,-157.34,88.15,287.54
6.288,-223.90,-157.39,88.17,287.54
6.298,-223.98,-157.46,88.08,287.60
6.308,-223.94,-157.50,88.12,287.61
6.318,-223.95,-157.52,88.02,287.60
6.328,-223.98,-157.54,87.96,287.62
6.338,-224.06,-157.53,87.90,287.65
6.348,-224.05,-157.53,87.79,287.61
6.358,-224.05,-157.55,87.69,287.59
6.368,-224.04,-157.56,87.65,287.58
6.378,-224.04,-157.54,87.59,287.55
6.388,-224.05,-157.57,87.63,287.58
6.398,-223.94,-157.65,87.70,287.56
6.408,-223.95,-157.71,87.74,287.62
6.418,-224.16,-157.50,87.72,287.66
6.428,-224.13,-157.53,87.67,287.64
6.438,-224.15,-157.57,87.54,287.63
6.448,-224.16,-157.62,87.39,287.62
6.458,-224.11,-157.69,87.31,287.60
6.468,-224.08,-157.74,87.20,287.57
6.478,-224.11,-157.81,87.12,287.61
6.488,-224.04,-157.88,87.13,287.60
6.498,-224.09,-157.97,87.00,287.65
6.508,-224.17,-157.97,86.92,287.68
6.518,-224.17,-158.00,86.88,287.69
6.528,-224.15,-158.03,86.76,287.65
6.538,-224.12,-158.11,86.77,287.67
6.548,-224.03,-158.18,86.67,287.61
6.558,-223.93,-158.24,86.69,287.58
6.568,-223.92,-158.28,86.61,287.57
6.578,-223.88,-158.34,86.56,287.55
6.588,-223.87,-158.42,86.61,287.61
6.598,-223.85,-158.47,86.39,287.55
6.608,-223.81,-158.54,86.36,287.55
6.618,-223.84,-158.51,86.33,287.55
6.628,-223.88,-158.59,86.28,287.61
6.638,-223.94,-158.54,86.27,287.62
6.648,-223.93,-158.53,86.31,287.62
6.658,-223.98,-158.47,86.36,287.64
6.668,-224.03,-158.53,86.35,287.71
6.678,-224.01,-158.61,86.25,287.70
6.688,-224.02,-158.66,86.16,287.72
6.698,-224.00,-158.70,86.06,287.70
6.708,-223.97,-158.81,85.97,287.71
6.718,-223.93,-158.90,85.92,287.71
6.728,-223.85,-158.97,85.87,287.67
6.738,-223.75,-159.06,85.91,287.65
6.748,-223.67,-159.10,85.86,287.60
6.758,-223.80,-159.11,85.68,287.65
6.768,-223.74,-159.14,85.74,287.63
6.778,-223.74,-159.22,85.60,287.64
6.788,-223.72,-159.29,85.63,287.68
6.798,-223.75,-159.33,85.58,287.70
6.808,-223.74,-159.38,85.48,287.70
6.818,-225.20,-159.67,85.44,288.97
6.828,-225.18,-159.65,85.34,288.92
6.838,-225.14,-159.74,85.32,288.94
6.848,-225.05,-159.83,85.22,288.88
6.858,-225.08,-159.87,85.24,288.93
6.868,-225.14,-159.92,85.11,288.97
6.878,-225.21,-159.94,85.00,289.01
6.888,-225.22,-159.99,84.99,289.03
6.898,-225.19,-160.11,84.97,289.08
6.908,-225.20,-160.13,84.96,289.09
6.918,-225.25,-160.13,84.98,289.14
6.928,-225.23,-160.14,84.90,289.11
6.938,-225.21,-160.22,84.86,289.12
6.948,-225.23,-160.21,84.77,289.11
6.958,-225.29,-160.24,84.76,289.17
6.968,-225.25,-160.28,84.62,289.12
6.978,-225.22,-160.36,84.55,289.12
6.988,-225.22,-160.45,84.60,289.18
6.998,-225.14,-160.50,84.63,289.16
7.008,-225.20,-160.51,84.51,289.17
7.018,-225.22,-160.57,84.47,289.21
7.028,-225.16,-160.68,84.39,289.20
7.038,-225.15,-160.77,84.31,289.21
7.048,-225.15,-160.80,84.35,289.25
7.058,-225.21,-160.80,84.22,289.25
7.068,-225.15,-160.82,84.19,289.21
7.078,-225.17,-160.91,84.06,289.24
7.088,-225.07,-161.11,84.00,289.26
7.098,-225.11,-161.13,83.92,289.27
7.108,-225.08,-161.13,83.96,289.27
7.118,-225.12,-161.10,83.88,289.26
7.128,-225.16,-161.18,83.91,289.34
7.138,-225.18,-161.27,83.90,289.40
7.148,-225.15,-161.27,83.92,289.38
7.158,-225.15,-161.27,83.84,289.36
7.168,-225.17,-161.32,83.84,289.40
7.178,-225.16,-161.40,83.78,289.42
7.188,-225.18,-161.43,83.73,289.44
7.198,-225.15,-161.39,83.77,289.41
7.208,-225.78,-161.22,83.70,289.79
7.218,-225.80,-161.25,83.67,289.80
7.228,-225.85,-161.29,83.54,289.83
7.238,-225.81,-161.39,83.52,289.85
7.248,-225.83,-161.40,83.52,289.87
7.258,-225.79,-161.43,83.51,289.85
7.268,-225.80,-161.42,83.56,289.87
7.278,-225.86,-161.42,83.46,289.89
7.288,-225.79,-161.45,83.46,289.85
7.298,-225.82,-161.58,83.39,289.92
7.308,-225.79,-161.69,83.47,289.99
7.318,-225.77,-161.74,83.40,289.98
7.328,-225.87,-161.77,83.35,290.06
7.338,-225.88,-161.84,83.39,290.12
7.348,-225.82,-161.84,83.29,290.04
7.358,-225.77,-161.81,83.20,289.96
7.368,-225.82,-161.89,83.15,290.03
7.378,-225.84,-161.93,83.08,290.04
7.388,-225.87,-162.07,83.09,290.15
7.398,-225.84,-162.08,83.08,290.13
7.408,-225.87,-162.11,83.02,290.15
7.418,-225.91,-162.09,82.96,290.15
7.428,-225.94,-162.09,82.91,290.17
7.438,-225.94,-162.13,82.83,290.16
7.448,-225.96,-162.17,82.72,290.17
7.458,-225.96,-162.22,82.65,290.18
7.468,-225.91,-162.37,82.64,290.22
7.478,-225.94,-162.36,82.55,290.21
7.488,-225.91,-162.43,82.52,290.22
7.498,-225.86,-162.58,82.52,290.26
7.508,-225.82,-162.57,82.42,290.20
7.518,-225.77,-162.67,82.47,290.23
7.528,-225.80,-162.74,82.36,290.26
7.538,-225.74,-162.78,82.35,290.24
7.548,-225.80,-162.82,82.21,290.27
7.558,-225.75,-162.91,82.10,290.25
7.568,-225.68,-163.01,82.15,290.26
7.578,-225.74,-163.08,82.12,290.34
7.588,-225.68,-163.09,82.14,290.31
7.598,-225.74,-163.08,82.04,290.32
7.607,-226.18,-162.97,81.91,290.56
7.618,-226.23,-162.99,81.87,290.60
7.628,-226.31,-163.01,81.79,290.65
7.638,-226.25,-163.06,81.81,290.64
7.648,-226.19,-163.13,81.78,290.62
7.657,-226.18,-163.22,81.73,290.65
7.668,-226.15,-163.23,81.81,290.65
7.678,-226.27,-163.23,81.69,290.71
7.688,-226.29,-163.29,81.63,290.74
7.698,-226.34,-163.34,81.56,290.79
7.708,-226.25,-163.38,81.58,290.75
7.718,-226.25,-163.43,81.66,290.80
7.728,-226.32,-163.51,81.67,290.91
7.737,-226.35,-163.50,81.60,290.90
7.747,-226.34,-163.60,81.62,290.95
7.757,-226.41,-163.70,81.47,291.03
7.767,-226.36,-163.76,81.39,291.00
7.778,-226.38,-163.86,81.34,291.05
7.788,-226.46,-163.91,81.25,291.12
7.798,-226.44,-163.96,81.28,291.14
7.807,-226.54,-163.99,81.18,291.21
7.818,-226.51,-164.04,81.20,291.22
7.828,-226.49,-164.10,81.21,291.25
7.838,-226.42,-164.21,81.22,291.25
7.847,-226.35,-164.35,81.21,291.27
7.858,-226.41,-164.40,81.12,291.32
7.867,-226.49,-164.42,81.02,291.37
7.877,-226.52,-164.43,80.93,291.38
7.887,-226.45,-164.50,80.86,291.34
7.898,-226.45,-164.61,80.70,291.35
7.908,-226.43,-164.74,80.60,291.39
7.918,-226.50,-164.78,80.53,291.44
7.928,-226.55,-164.76,80.53,291.47
7.938,-226.52,-164.91,80.47,291.52
7.947,-226.52,-164.96,80.36,291.52
7.958,-226.53,-165.06,80.36,291.58
7.968,-226.50,-165.18,80.31,291.61
7.977,-226.50,-165.25,80.29,291.64
7.988,-226.46,-165.32,80.30,291.65
7.997,-227.19,-165.18,80.13,292.09
8.007,-227.23,-165.24,80.06,292.14
8.018,-227.20,-165.31,80.03,292.16
8.027,-227.21,-165.39,79.99,292.19
8.038,-227.15,-165.48,80.08,292.22
8.047,-227.20,-165.53,79.90,292.24
8.057,-227.22,-165.62,79.88,292.30
8.067,-227.24,-165.72,79.80,292.35
8.077,-227.22,-165.83,79.75,292.38
8.087,-227.24,-165.89,79.73,292.43
8.097,-227.33,-165.92,79.60,292.48
8.107,-227.33,-166.06,79.48,292.53
8.117,-227.36,-166.16,79.32,292.57
8.127,-227.36,-166.23,79.35,292.61
8.138,-227.38,-166.30,79.27,292.65
8.147,-227.36,-166.39,79.21,292.67
8.157,-227.41,-166.47,79.12,292.73
8.167,-227.46,-166.51,78.96,292.74
8.177,-227.47,-166.59,78.97,292.80
8.187,-227.48,-166.64,78.88,292.81
8.197,-227.40,-166.79,78.87,292.84
8.207,-227.45,-166.79,78.82,292.86
8.217,-227.53,-166.89,78.80,292.97
8.227,-227.47,-166.96,78.65,292.93
8.237,-227.52,-167.04,78.51,292.97
8.247,-227.52,-167.07,78.46,292.98
8.257,-227.63,-167.08,78.35,293.03
8.267,-227.64,-167.18,78.45,293.13
8.277,-227.69,-167.24,78.35,293.17
8.287,-227.71,-167.27,78.39,293.22
8.297,-227.71,-167.36,78.25,293.24
8.307,-227.78,-167.41,78.18,293.30
8.317,-227.74,-167.50,78.30,293.35
8.327,-227.72,-167.59,78.19,293.36
8.337,-227.73,-167.63,78.18,293.39
8.347,-227.75,-167.72,78.18,293.45
8.357,-227.68,-167.85,78.08,293.44
8.367,-227.65,-167.95,77.90,293.43
8.377,-227.63,-168.05,77.82,293.45
8.387,-227.63,-168.11,77.75,293.46
8.397,-229.05,-168.25,77.71,294.64
8.407,-229.16,-168.30,77.62,294.72
8.417,-229.11,-168.39,77.60,294.74
8.427,-229.08,-168.47,77.60,294.76
8.437,-229.07,-168.50,77.61,294.77
8.447,-229.11,-168.57,77.53,294.82
8.457,-229.07,-168.69,77.48,294.84
8.467,-229.05,-168.84,77.42,294.90
8.477,-229.00,-169.00,77.33,294.93
8.487,-229.00,-169.05,77.23,294.93
8.497,-228.96,-169.11,77.28,294.95
8.507,-229.07,-169.22,77.20,295.08
8.517,-229.21,-169.27,77.15,295.20
8.527,-229.25,-169.33,77.06,295.24
8.537,-229.26,-169.46,77.00,295.31
8.547,-229.28,-169.61,76.98,295.40
8.557,-229.32,-169.79,76.82,295.49
8.567,-229.37,-169.94,76.90,295.64
8.577,-229.36,-170.05,76.81,295.68
8.587,-229.34,-170.20,76.82,295.75
8.597,-229.31,-170.35,76.83,295.81
8.607,-229.32,-170.53,76.80,295.91
8.617,-229.25,-170.69,76.79,295.95
8.627,-229.33,-170.80,76.67,296.04
8.637,-229.34,-170.93,76.61,296.12
8.647,-229.32,-171.02,76.62,296.15
8.657,-229.33,-171.23,76.53,296.26
8.667,-229.37,-171.40,76.40,296.35
8.677,-229.40,-171.54,76.29,296.43
8.687,-229.47,-171.60,76.19,296.50
8.697,-229.55,-171.66,76.15,296.58
8.707,-229.60,-171.83,76.08,296.70
8.717,-229.58,-172.05,76.09,296.81
8.727,-229.61,-172.27,76.07,296.96
8.737,-229.59,-172.44,75.97,297.02
8.747,-229.61,-172.62,75.94,297.13
8.757,-229.65,-172.76,75.82,297.21
8.767,-229.72,-172.95,75.69,297.35
8.777,-229.73,-173.20,75.66,297.48
8.787,-231.31,-173.93,75.85,299.18
8.797,-231.39,-174.19,75.64,299.34
8.807,-231.36,-174.46,75.64,299.48
8.817,-231.41,-174.73,75.59,299.66
8.827,-231.51,-174.93,75.48,299.82
8.837,-231.64,-175.07,75.45,300.00
8.847,-231.70,-175.21,75.41,300.12
8.857,-231.73,-175.42,75.37,300.25
8.867,-231.72,-175.53,75.32,300.30
8.877,-231.79,-175.73,75.23,300.44
8.887,-231.87,-175.91,75.17,300.59
8.897,-231.95,-176.13,75.01,300.74
8.907,-232.05,-176.29,74.93,300.90
8.917,-232.04,-176.58,74.92,301.06
8.927,-232.04,-176.82,74.87,301.19
8.937,-232.09,-177.00,74.77,301.30
8.947,-232.19,-177.14,74.72,301.46
8.957,-232.30,-177.32,74.62,301.61
8.967,-232.39,-177.50,74.56,301.78
8.977,-232.49,-177.74,74.52,301.98
8.987,-232.50,-178.03,74.46,302.16
8.997,-232.55,-178.29,74.39,302.32
9.007,-232.67,-178.46,74.26,302.48
9.017,-232.71,-178.64,74.25,302.62
9.027,-232.80,-178.92,74.12,302.82
9.037,-232.82,-179.17,74.02,302.96
9.047,-232.85,-179.37,74.01,303.10
9.057,-232.90,-179.59,73.85,303.23
9.067,-232.95,-179.79,73.83,303.38
9.077,-233.04,-180.00,73.64,303.53
9.087,-233.06,-180.18,73.53,303.63
9.097,-233.17,-180.38,73.40,303.80
9.107,-233.26,-180.50,73.43,303.94
9.117,-233.30,-180.68,73.51,304.10
9.127,-233.36,-180.91,73.45,304.27
9.137,-233.45,-181.10,73.42,304.45
9.147,-233.59,-181.26,73.26,304.61
9.157,-233.71,-181.50,73.16,304.82
9.167,-233.70,-181.59,73.14,304.86
9.177,-233.74,-181.83,73.08,305.01
9.187,-236.15,-184.54,74.51,308.83
9.197,-236.20,-184.78,74.51,309.00
9.207,-236.29,-184.93,74.35,309.13
9.217,-236.31,-185.08,74.34,309.23
9.227,-236.41,-185.24,74.21,309.37
9.237,-236.54,-185.42,74.05,309.54
9.247,-236.62,-185.60,74.05,309.71
9.257,-236.72,-185.84,73.92,309.90
9.267,-236.74,-186.13,73.90,310.08
9.277,-236.74,-186.29,73.83,310.17
9.287,-236.83,-186.53,73.76,310.36
9.297,-236.79,-186.84,73.86,310.54
9.307,-236.89,-187.10,73.83,310.77
9.317,-236.85,-187.35,73.90,310.90
9.327,-236.93,-187.61,73.80,311.09
9.337,-237.06,-187.73,73.60,311.22
9.347,-237.08,-187.92,73.56,311.33
9.357,-237.13,-188.12,73.56,311.50
9.367,-237.20,-188.34,73.50,311.67
9.377,-237.28,-188.51,73.43,311.82
9.387,-237.37,-188.73,73.32,311.99
9.397,-237.47,-188.98,73.14,312.18
9.407,-237.53,-189.21,73.12,312.36
9.417,-237.56,-189.44,73.09,312.51
9.427,-237.58,-189.70,73.10,312.69
9.437,-237.64,-189.91,73.11,312.87
9.447,-237.75,-190.12,73.03,313.06
9.457,-237.77,-190.39,72.97,313.22
9.467,-237.83,-190.65,72.98,313.42
9.477,-237.89,-190.84,72.98,313.58
9.487,-237.99,-191.11,72.90,313.81
9.497,-237.99,-191.27,72.90,313.91
9.507,-238.14,-191.51,72.83,314.15
9.517,-238.23,-191.66,72.77,314.30
9.527,-238.25,-191.86,72.71,314.42
9.537,-238.32,-192.06,72.60,314.57
9.547,-238.37,-192.22,72.70,314.73
9.557,-238.42,-192.32,72.53,314.79
9.567,-238.53,-192.41,72.56,314.93
9.577,-240.21,-195.23,74.35,318.35
9.587,-240.23,-195.35,74.34,318.43
9.597,-240.30,-195.50,74.39,318.59
9.607,-240.36,-195.67,74.20,318.70
9.617,-240.35,-195.86,74.26,318.82
9.627,-240.43,-195.95,74.20,318.92
9.637,-240.43,-196.11,74.20,319.01
9.647,-240.46,-196.30,74.23,319.16
9.657,-240.46,-196.47,74.22,319.27
9.667,-240.48,-196.67,74.19,319.39
9.677,-240.52,-196.77,74.09,319.46
9.687,-240.56,-196.86,74.09,319.55
9.697,-240.67,-197.01,74.01,319.71
9.707,-240.67,-197.11,73.98,319.76
9.717,-240.71,-197.23,73.91,319.85
9.727,-240.73,-197.30,73.86,319.89
9.737,-240.76,-197.50,73.84,320.04
9.747,-240.76,-197.67,73.78,320.13
9.757,-240.86,-197.86,73.60,320.28
9.767,-240.98,-198.07,73.63,320.50
9.777,-241.05,-198.22,73.65,320.66
9.787,-241.09,-198.40,73.76,320.83
9.797,-241.18,-198.64,73.79,321.05
9.807,-241.17,-198.86,73.76,321.17
9.817,-241.17,-199.13,73.79,321.34
9.827,-241.32,-199.31,73.62,321.53
9.837,-241.45,-199.49,73.59,321.73
9.847,-241.57,-199.73,73.54,321.96
9.857,-241.59,-199.99,73.50,322.13
9.867,-241.67,-200.34,73.48,322.40
9.877,-241.75,-200.65,73.42,322.63
9.887,-241.80,-200.92,73.42,322.84
9.897,-241.81,-201.22,73.41,323.03
9.907,-241.87,-201.52,73.43,323.27
9.917,-241.87,-201.82,73.42,323.46
9.927,-241.95,-202.01,73.38,323.63
9.937,-242.08,-202.32,73.36,323.91
9.947,-242.16,-202.59,73.37,324.14
9.957,-242.28,-202.87,73.40,324.42
9.967,-242.36,-203.16,73.38,324.65
9.977,-242.46,-204.23,74.58,325.66
9.987,-242.59,-204.42,74.58,325.88
9.997,-242.60,-204.77,74.60,326.11
10.007,-242.67,-205.13,74.45,326.36
10.017,-242.76,-205.40,74.45,326.60
10.027,-242.83,-205.63,74.41,326.78
10.037,-242.95,-205.91,74.38,327.04
10.047,-242.99,-206.25,74.44,327.30
10.057,-243.03,-206.50,74.41,327.48
10.067,-243.13,-206.76,74.52,327.74
10.077,-243.21,-207.11,74.42,328.00
10.087,-243.23,-207.43,74.45,328.23
10.097,-243.35,-207.72,74.40,328.49
10.107,-243.51,-207.93,74.46,328.75
10.117,-243.52,-208.25,74.59,328.99
10.127,-243.60,-208.48,74.55,329.18
10.137,-243.64,-208.78,74.60,329.42
10.147,-243.69,-208.99,74.53,329.57
10.157,-243.74,-209.30,74.62,329.82
10.167,-243.76,-209.67,74.60,330.07
10.177,-243.81,-209.96,74.57,330.28
10.187,-243.88,-210.28,74.64,330.56
10.197,-243.97,-210.59,74.59,330.81
10.207,-244.03,-210.88,74.71,331.06
10.217,-244.11,-211.19,74.68,331.31
10.227,-244.08,-211.51,74.76,331.51
10.237,-244.16,-211.80,74.75,331.75
10.247,-244.27,-212.19,74.82,332.09
10.257,-244.36,-212.46,74.89,332.35
10.267,-244.44,-212.70,74.96,332.58
10.277,-244.43,-212.97,75.09,332.78
10.287,-244.56,-213.26,75.07,333.05
10.297,-244.59,-213.60,75.18,333.32
10.307,-244.61,-213.97,75.14,333.56
10.317,-244.64,-214.26,75.29,333.81
10.327,-244.64,-214.61,75.46,334.07
10.337,-244.71,-214.95,75.43,334.33
10.347,-244.75,-215.31,75.50,334.60
10.357,-244.85,-215.66,75.62,334.93
10.367,-244.58,-213.48,77.60,333.79
10.377,-244.70,-213.87,77.73,334.15
10.387,-244.70,-214.24,77.90,334.43
10.397,-244.80,-214.60,78.03,334.77
10.407,-244.89,-214.97,78.15,335.10
10.417,-244.95,-215.31,78.25,335.38
10.427,-245.00,-215.68,78.39,335.69
10.437,-244.99,-216.10,78.49,335.98
10.447,-245.05,-216.49,78.62,336.30
10.457,-245.20,-216.99,78.83,336.78
10.467,-245.26,-217.44,79.12,337.19
10.477,-245.37,-217.86,79.38,337.59
10.487,-245.49,-218.23,79.56,337.96
10.497,-245.61,-219.11,80.05,338.74
10.507,-245.75,-219.51,80.14,339.12
10.517,-245.80,-219.93,80.40,339.48
10.527,-245.91,-220.31,80.55,339.85
10.537,-245.95,-220.77,80.94,340.26
10.547,-245.97,-221.24,81.20,340.65
10.557,-246.05,-221.69,81.49,341.07
10.567,-246.13,-222.06,81.73,341.42
10.577,-246.24,-222.42,81.87,341.77
10.587,-246.21,-222.87,82.24,342.13
10.597,-246.29,-223.23,82.38,342.46
10.607,-246.35,-223.66,82.69,342.85
10.617,-246.43,-223.97,82.99,343.19
10.627,-246.48,-224.29,83.26,343.50
10.637,-246.48,-224.68,83.59,343.83
10.647,-246.49,-225.04,83.92,344.16
10.657,-246.59,-225.35,84.24,344.51
10.667,-246.74,-225.69,84.58,344.92
10.677,-246.76,-226.04,84.94,345.25
10.687,-246.80,-226.34,85.30,345.57
10.697,-246.76,-226.70,85.55,345.84
10.706,-246.78,-226.99,85.85,346.12
10.717,-246.87,-227.39,86.13,346.51
10.727,-246.92,-227.71,86.44,346.83
10.737,-246.97,-228.11,86.74,347.21
10.747,-247.00,-228.42,87.15,347.54
10.757,-247.06,-228.64,87.42,347.79
10.767,-246.41,-209.70,90.29,335.93
10.777,-246.55,-209.92,90.58,336.24
10.787,-246.66,-210.23,90.97,336.62
10.797,-246.65,-210.53,91.41,336.91
10.807,-246.78,-210.75,91.77,337.25
10.817,-246.84,-211.05,92.29,337.63
10.826,-246.94,-211.31,92.71,337.97
10.837,-247.02,-211.60,93.06,338.31
10.847,-247.00,-211.91,93.56,338.62
10.857,-246.97,-212.16,94.10,338.91
10.867,-246.99,-212.41,94.51,339.19
10.877,-246.91,-212.67,94.93,339.42
10.887,-246.94,-212.91,95.38,339.71
10.897,-246.92,-213.01,95.76,339.87
10.906,-246.92,-213.17,96.16,340.08
10.917,-246.85,-213.33,96.64,340.27
10.927,-246.82,-213.50,97.05,340.47
10.937,-246.82,-213.60,97.44,340.65
10.947,-246.79,-213.83,97.76,340.86
10.956,-246.79,-213.95,98.02,341.01
10.967,-246.82,-214.06,98.31,341.19
10.977,-246.82,-214.16,98.60,341.33
10.987,-246.80,-214.30,98.83,341.47
10.997,-246.77,-214.48,99.17,341.66
11.006,-246.70,-214.63,99.46,341.79
11.017,-246.69,-214.78,99.73,341.95
11.027,-246.70,-214.87,100.05,342.12
11.037,-246.76,-214.85,100.25,342.20
11.046,-246.71,-214.98,100.61,342.35
11.056,-246.73,-215.07,100.86,342.50
11.067,-246.75,-215.07,101.14,342.59
11.077,-246.81,-215.09,101.27,342.69
11.087,-246.83,-215.14,101.48,342.80
11.097,-246.82,-215.14,101.77,342.88
11.106,-246.86,-215.15,101.88,342.95
11.116,-246.87,-215.20,102.13,343.06
11.126,-246.88,-215.15,102.41,343.11
11.137,-246.87,-215.11,102.70,343.17
11.146,-246.85,-215.17,102.92,343.25
11.157,-246.87,-215.17,103.14,343.34
11.167,-239.37,-210.60,103.59,335.23
11.177,-239.45,-210.68,103.78,335.40
11.186,-239.48,-210.75,104.00,335.54
11.196,-239.45,-210.79,104.23,335.61
11.206,-239.42,-210.84,104.46,335.69
11.216,-239.42,-210.88,104.68,335.78
11.226,-239.38,-210.96,104.94,335.89
11.237,-239.33,-210.97,105.18,335.93
11.246,-239.26,-210.98,105.53,336.00
11.257,-239.18,-210.95,105.92,336.04
11.266,-239.21,-210.96,106.16,336.15
11.276,-239.21,-210.98,106.49,336.26
11.286,-239.21,-210.94,106.70,336.31
11.297,-239.15,-210.94,107.06,336.38
11.306,-239.17,-210.96,107.32,336.49
11.317,-239.16,-210.99,107.57,336.58
11.327,-239.12,-210.96,107.95,336.65
11.337,-239.10,-210.93,108.12,336.68
11.346,-239.00,-210.90,108.56,336.73
11.357,-239.02,-210.87,108.77,336.79
11.366,-239.01,-210.83,109.00,336.83
11.376,-238.93,-210.86,109.31,336.90
11.386,-238.86,-210.93,109.63,337.00
11.396,-238.78,-210.93,109.93,337.03
11.406,-238.69,-210.95,110.19,337.07
11.416,-238.63,-210.93,110.43,337.09
11.426,-238.56,-210.96,110.66,337.14
11.437,-238.54,-210.89,110.92,337.17
11.446,-238.45,-210.82,111.15,337.13
11.456,-238.38,-210.86,111.35,337.17
11.466,-238.32,-210.84,111.60,337.20
11.476,-238.27,-210.79,111.78,337.19
11.486,-238.22,-210.78,111.95,337.21
11.496,-238.12,-210.79,112.21,337.23
11.506,-238.03,-210.73,112.38,337.19
11.516,-237.97,-210.66,112.68,337.20
11.526,-237.91,-210.62,112.85,337.19
11.537,-237.85,-210.60,113.03,337.20
11.546,-237.79,-210.64,113.20,337.23
11.556,-239.79,-210.74,113.35,338.76
11.566,-239.75,-210.80,113.50,338.82
11.576,-239.74,-210.81,113.52,338.82
11.586,-239.57,-210.85,113.79,338.82
11.596,-239.49,-210.88,113.83,338.79
11.606,-239.42,-210.81,113.87,338.72
11.616,-239.42,-210.84,113.92,338.75
11.626,-239.41,-210.79,113.97,338.73
11.636,-239.37,-210.78,114.09,338.74
11.646,-239.38,-210.74,114.24,338.77
11.656,-239.36,-210.75,114.37,338.81
11.666,-239.31,-210.77,114.37,338.79
11.676,-239.29,-210.76,114.48,338.80
11.686,-239.31,-210.75,114.58,338.84
11.696,-239.34,-210.71,114.66,338.86
11.706,-239.42,-210.72,114.77,338.97
11.716,-239.45,-210.72,114.92,339.04
11.726,-239.43,-210.77,115.07,339.10
11.736,-239.48,-210.76,115.14,339.16
11.746,-239.44,-210.79,115.38,339.23
11.756,-239.39,-210.79,115.57,339.26
11.766,-239.36,-210.76,115.60,339.23
11.776,-239.30,-210.77,115.82,339.27
11.786,-239.33,-210.75,115.92,339.31
11.796,-239.32,-210.73,116.10,339.35
11.806,-239.31,-210.67,116.19,339.34
11.816,-239.27,-210.61,116.35,339.33
11.826,-239.21,-210.59,116.51,339.33
11.836,-239.23,-210.52,116.68,339.35
11.846,-239.23,-210.54,116.85,339.43
11.856,-239.14,-210.54,117.00,339.42
11.866,-239.08,-210.55,117.22,339.46
11.876,-239.03,-210.54,117.35,339.46
11.886,-238.92,-210.53,117.48,339.42
11.896,-238.92,-210.49,117.62,339.44
11.906,-238.83,-210.49,117.75,339.43
11.916,-238.83,-210.47,117.87,339.46
11.926,-238.84,-210.40,118.03,339.47
11.936,-238.81,-210.34,118.14,339.46
11.946,-238.72,-210.35,118.27,339.44
11.956,-240.35,-207.32,118.79,338.91
11.966,-240.28,-207.32,118.94,338.92
11.976,-240.18,-207.34,119.11,338.91
11.986,-240.01,-207.27,119.27,338.81
11.996,-239.85,-207.18,119.46,338.71
12.006,-239.66,-207.13,119.63,338.60
12.016,-239.56,-207.15,119.75,338.58
12.026,-239.36,-207.11,119.86,338.46
12.036,-239.24,-207.02,119.83,338.31
12.046,-239.19,-206.97,119.90,338.27
12.056,-239.09,-206.92,119.94,338.17
12.066,-239.03,-206.87,119.98,338.12
12.076,-239.01,-206.91,120.11,338.18
12.086,-238.98,-206.86,120.15,338.14
12.096,-238.91,-206.86,120.34,338.16
12.106,-238.94,-206.79,120.25,338.11
12.116,-238.88,-206.81,120.32,338.10
12.126,-238.92,-206.80,120.40,338.15
12.136,-238.86,-206.70,120.53,338.09
12.146,-238.84,-206.59,120.70,338.07
12.156,-238.86,-206.50,120.74,338.05
12.166,-238.84,-206.47,120.95,338.09
12.176,-238.89,-206.42,120.96,338.10
12.186,-238.89,-206.50,121.08,338.18
12.197,-238.96,-206.41,121.21,338.23
12.206,-238.94,-206.34,121.34,338.22
12.216,-238.96,-206.24,121.38,338.19
12.226,-238.92,-206.29,121.44,338.21
12.236,-238.92,-206.28,121.34,338.17
12.246,-238.86,-206.23,121.54,338.17
12.256,-238.87,-206.15,121.67,338.18
12.266,-238.87,-206.16,121.83,338.24
12.276,-238.87,-206.09,121.94,338.24
12.286,-238.94,-205.99,122.05,338.26
12.296,-238.94,-205.97,122.19,338.30
12.306,-238.93,-205.92,122.11,338.23
12.316,-238.83,-205.91,122.26,338.21
12.326,-238.81,-205.81,122.31,338.15
12.336,-238.81,-205.80,122.30,338.15
12.346,-240.55,-205.21,122.76,339.19
12.356,-240.46,-205.21,122.77,339.13
12.366,-240.47,-205.16,122.70,339.07
12.376,-240.45,-205.13,122.76,339.06
12.386,-240.41,-205.08,122.78,339.02
12.396,-240.32,-205.11,122.83,338.98
12.406,-240.26,-205.05,122.89,338.93
12.416,-240.23,-204.99,122.96,338.89
12.426,-240.24,-204.93,122.98,338.87
12.436,-240.24,-204.82,123.02,338.82
12.446,-240.19,-204.78,123.00,338.76
12.456,-240.07,-204.75,123.11,338.69
12.466,-240.01,-204.72,123.10,338.63
12.476,-240.06,-204.61,123.11,338.60
12.486,-240.01,-204.57,123.12,338.55
12.496,-239.88,-204.52,123.23,338.46
12.506,-239.85,-204.54,123.26,338.46
12.516,-239.70,-204.50,123.19,338.31
12.526,-239.63,-204.47,123.25,338.26
12.536,-239.68,-204.40,123.18,338.23
12.546,-239.63,-204.34,123.36,338.23
12.556,-239.56,-204.33,123.32,338.15
12.566,-239.37,-204.34,123.41,338.06
12.576,-239.23,-204.30,123.48,337.95
12.586,-239.19,-204.23,123.41,337.86
12.596,-239.10,-204.21,123.44,337.79
12.606,-239.09,-204.21,123.42,337.79
12.616,-239.05,-204.21,123.50,337.79
12.626,-238.95,-204.29,123.53,337.78
12.636,-238.96,-204.37,123.50,337.82
12.646,-238.95,-204.38,123.57,337.85
12.656,-238.95,-204.35,123.62,337.84
12.666,-238.94,-204.36,123.66,337.86
12.676,-238.88,-204.43,123.65,337.85
12.686,-238.82,-204.47,123.67,337.85
12.696,-238.77,-204.48,123.75,337.84
12.706,-238.72,-204.51,123.78,337.83
12.716,-238.71,-204.44,123.83,337.80
12.726,-238.78,-204.46,123.85,337.87
12.736,-238.72,-204.47,123.81,337.82
12.746,-237.56,-208.73,124.49,339.85
12.756,-237.44,-208.75,124.57,339.82
12.766,-237.38,-208.80,124.49,339.77
12.776,-237.34,-208.79,124.50,339.74
12.786,-237.38,-208.82,124.45,339.77
12.796,-237.34,-208.81,124.49,339.75
12.806,-237.30,-208.83,124.56,339.76
12.816,-237.31,-208.79,124.65,339.77
12.826,-237.25,-208.74,124.87,339.78
12.836,-237.18,-208.79,124.88,339.77
12.846,-237.12,-208.78,124.86,339.72
12.856,-237.02,-208.74,124.92,339.64
12.866,-236.93,-208.78,124.94,339.61
12.876,-236.88,-208.84,125.02,339.64
12.886,-236.81,-208.80,125.06,339.58
12.896,-236.70,-208.75,125.21,339.53
12.906,-236.77,-208.70,125.30,339.58
12.916,-236.70,-208.76,125.39,339.61
12.926,-236.60,-208.79,125.53,339.61
12.936,-236.48,-208.83,125.62,339.58
12.946,-236.37,-208.87,125.62,339.53
12.956,-236.32,-208.95,125.63,339.55
12.966,-236.26,-208.90,125.63,339.47
12.976,-236.26,-208.94,125.74,339.54
12.986,-236.18,-208.93,125.82,339.50
12.996,-236.17,-208.96,125.92,339.55
13.006,-236.13,-208.96,126.15,339.62
13.016,-236.10,-208.97,126.22,339.62
13.026,-236.10,-209.02,126.28,339.68
13.036,-236.06,-209.05,126.36,339.70
13.046,-236.02,-209.11,126.40,339.72
13.056,-236.03,-208.99,126.57,339.72
13.066,-236.02,-209.05,126.73,339.80
13.076,-236.09,-209.05,126.78,339.87
13.086,-236.12,-209.11,126.93,339.98
13.096,-236.18,-209.14,126.93,340.05
13.106,-236.26,-209.16,126.95,340.12
13.116,-236.23,-209.21,127.12,340.19
13.126,-236.32,-209.20,127.23,340.29
13.136,-238.65,-210.02,128.08,342.73
13.146,-238.70,-210.02,128.20,342.81
13.156,-238.80,-210.03,128.30,342.93
13.166,-238.78,-210.06,128.43,342.98
13.176,-238.70,-210.14,128.55,343.01
13.186,-238.67,-210.12,128.61,343.01
13.196,-238.68,-210.07,128.76,343.04
13.206,-238.63,-210.09,128.99,343.10
13.216,-238.59,-210.08,129.29,343.18
13.226,-238.59,-210.03,129.46,343.22
13.236,-238.56,-209.96,129.52,343.17
13.246,-238.49,-210.02,129.77,343.26
13.256,-238.43,-210.04,129.92,343.29
13.266,-238.38,-210.00,130.09,343.29
13.276,-238.39,-209.94,130.36,343.36
13.286,-238.44,-209.82,130.49,343.38
13.296,-238.43,-209.71,130.68,343.38
13.306,-238.51,-209.66,130.82,343.45
13.316,-238.50,-209.60,131.02,343.48
13.326,-238.51,-209.60,131.29,343.59
13.336,-238.60,-209.64,131.45,343.74
13.346,-238.62,-209.64,131.69,343.84
13.356,-238.65,-209.60,131.94,343.94
13.366,-238.68,-209.56,132.22,344.04
13.376,-238.70,-209.46,132.44,344.08
13.386,-238.71,-209.36,132.62,344.09
13.396,-238.72,-209.24,132.87,344.12
13.406,-238.75,-209.13,133.11,344.17
13.416,-238.81,-209.08,133.31,344.26
13.426,-238.86,-209.02,133.54,344.35
13.436,-238.86,-208.87,133.80,344.36
13.446,-238.94,-208.78,134.03,344.45
13.456,-238.97,-208.71,134.26,344.52
13.466,-239.03,-208.62,134.45,344.58
13.476,-238.99,-208.47,134.64,344.54
13.486,-239.01,-208.35,134.82,344.54
13.496,-239.02,-208.23,135.03,344.56
13.506,-238.97,-208.14,135.25,344.56
13.516,-238.93,-208.07,135.31,344.52
13.526,-238.87,-207.94,135.55,344.49
13.536,-246.60,-212.07,136.46,352.71
13.546,-246.59,-211.98,136.59,352.71
13.556,-246.67,-211.84,136.72,352.72
13.566,-246.64,-211.77,136.86,352.72
13.576,-246.59,-211.64,137.05,352.68
13.586,-246.69,-211.48,137.05,352.65
13.596,-246.67,-211.38,137.20,352.63
13.606,-246.72,-211.34,137.23,352.66
13.616,-246.65,-211.32,137.34,352.64
13.626,-246.64,-211.27,137.47,352.66
13.636,-246.64,-211.21,137.67,352.70
13.646,-246.68,-211.10,137.87,352.73
13.656,-246.74,-210.95,138.01,352.74
13.666,-246.79,-210.77,138.06,352.69
13.676,-246.85,-210.57,138.07,352.61
13.686,-246.91,-210.34,138.22,352.58
13.696,-246.99,-210.10,138.37,352.55
13.706,-247.05,-209.96,138.51,352.56
13.716,-247.18,-209.74,138.63,352.58
13.726,-247.26,-209.54,138.70,352.54
13.736,-247.27,-209.38,138.71,352.46
13.746,-247.31,-209.25,138.78,352.43
13.756,-247.30,-209.07,138.98,352.40
13.766,-247.38,-208.97,139.07,352.43
13.776,-247.40,-208.83,139.29,352.45
13.786,-247.44,-208.66,139.39,352.41
13.796,-247.49,-208.54,139.46,352.41
13.806,-247.59,-208.36,139.60,352.42
13.816,-247.71,-208.08,139.67,352.38
13.825,-247.73,-207.90,139.84,352.35
13.836,-247.78,-207.76,139.90,352.32
13.846,-247.90,-207.59,139.94,352.33
13.856,-247.92,-207.43,140.00,352.27
13.866,-248.02,-207.32,140.09,352.31
13.876,-248.10,-207.16,140.24,352.33
13.886,-248.17,-207.00,140.36,352.33
13.896,-248.23,-206.85,140.46,352.33
13.906,-248.34,-206.52,140.64,352.28
13.916,-248.44,-206.37,140.68,352.28
13.926,-249.25,-207.83,141.25,353.94
13.936,-249.32,-207.68,141.35,353.94
13.946,-249.38,-207.56,141.41,353.94
13.956,-249.43,-207.46,141.50,353.94
13.966,-249.49,-207.32,141.51,353.91
13.976,-249.63,-207.08,141.60,353.90
13.986,-249.78,-206.94,141.68,353.96
13.996,-249.80,-206.82,141.79,353.95
14.006,-249.84,-206.71,141.81,353.92
14.016,-249.96,-206.59,141.89,353.96
14.026,-250.03,-206.52,142.00,354.02
14.036,-250.15,-206.36,142.04,354.03
14.046,-250.24,-206.28,142.24,354.13
14.056,-250.35,-206.17,142.25,354.14
14.066,-250.46,-206.09,142.31,354.20
14.076,-250.52,-205.97,142.34,354.19
14.086,-250.62,-205.95,142.41,354.27
14.096,-250.71,-205.87,142.54,354.33
14.106,-250.84,-205.77,142.57,354.38
14.116,-250.89,-205.60,142.77,354.40
14.126,-251.08,-205.50,142.82,354.50
14.136,-251.23,-205.43,142.97,354.62
14.146,-251.40,-205.23,142.97,354.63
14.156,-251.53,-205.01,143.12,354.66
14.166,-251.67,-204.90,143.26,354.74
14.176,-251.81,-204.89,143.29,354.85
14.186,-251.92,-204.83,143.47,354.97
14.196,-252.08,-204.76,143.50,355.06
14.205,-252.19,-204.65,143.68,355.14
14.216,-252.33,-204.56,143.77,355.22
14.225,-252.42,-204.51,143.96,355.34
14.236,-252.57,-204.37,144.13,355.43
14.246,-252.83,-204.27,144.22,355.59
14.256,-252.92,-204.24,144.48,355.75
14.266,-253.09,-204.12,144.54,355.82
14.276,-253.23,-204.04,144.78,355.98
14.286,-253.42,-203.97,144.81,356.09
14.296,-253.54,-203.92,145.00,356.22
14.305,-253.71,-203.78,145.09,356.30
14.316,-253.92,-203.74,145.25,356.48
14.326,-256.41,-212.79,146.26,363.89
14.336,-256.73,-212.67,146.43,364.12
14.346,-256.98,-212.62,146.65,364.35
14.355,-257.22,-212.57,146.87,364.58
14.365,-257.44,-212.47,147.09,364.76
14.376,-257.68,-212.40,147.40,365.02
14.385,-257.90,-212.34,147.67,365.25
14.395,-258.20,-212.31,147.96,365.56
14.405,-258.49,-212.25,148.25,365.85
14.416,-258.83,-212.12,148.59,366.15
14.425,-259.24,-211.95,148.89,366.46
14.436,-259.68,-211.81,149.21,366.82
14.446,-260.01,-211.71,149.59,367.15
14.455,-260.30,-211.71,149.84,367.46
14.465,-260.58,-211.73,150.15,367.80
14.476,-260.90,-211.62,150.54,368.12
14.485,-261.26,-211.45,150.95,368.45
14.496,-261.62,-211.31,151.36,368.79
14.505,-261.90,-211.24,151.83,369.14
14.515,-262.21,-211.18,152.26,369.51
14.525,-262.49,-211.10,152.83,369.90
14.536,-262.87,-210.95,153.24,370.25
14.546,-263.27,-210.85,153.68,370.66
14.555,-263.54,-210.69,154.16,370.96
14.565,-263.85,-210.54,154.65,371.29
14.575,-264.23,-210.32,155.20,371.67
14.585,-264.57,-210.14,155.65,372.01
14.595,-264.92,-209.93,156.20,372.36
14.606,-265.25,-209.72,156.70,372.68
14.615,-265.57,-209.44,157.18,372.96
14.625,-265.89,-209.19,157.77,373.30
14.635,-266.15,-208.94,158.27,373.55
14.645,-266.42,-208.69,158.81,373.84
14.655,-266.64,-208.41,159.28,374.03
14.665,-266.84,-208.13,159.76,374.23
14.675,-267.12,-207.87,160.24,374.48
14.685,-267.34,-207.61,160.66,374.69
14.695,-267.55,-207.34,161.14,374.88
14.705,-267.74,-207.03,161.64,375.06
14.715,-266.59,-229.73,166.91,389.49
14.726,-266.71,-229.43,167.39,389.61
14.736,-266.90,-229.06,167.94,389.75
14.745,-267.23,-228.36,168.87,389.97
14.755,-267.43,-228.00,169.40,390.12
14.765,-267.69,-227.58,169.85,390.25
14.775,-267.88,-227.08,170.51,390.38
14.785,-268.24,-226.52,170.95,390.50
14.795,-268.38,-226.06,171.59,390.61
14.805,-268.57,-225.59,172.12,390.70
14.815,-268.76,-225.07,172.68,390.78
14.825,-268.88,-224.45,173.19,390.73
14.835,-269.09,-223.96,173.62,390.78
14.845,-269.20,-223.49,174.10,390.80
14.855,-269.29,-222.96,174.53,390.75
14.865,-269.33,-222.45,174.91,390.66
14.875,-269.35,-221.88,175.30,390.52
14.885,-269.36,-221.30,175.63,390.35
14.895,-269.42,-220.81,175.94,390.25
14.905,-269.50,-220.24,176.36,390.17
14.915,-269.56,-219.76,176.77,390.13
14.925,-269.59,-219.27,177.06,390.01
14.935,-269.67,-218.73,177.33,389.88
14.945,-269.75,-218.22,177.53,389.75
14.955,-269.79,-217.70,177.78,389.60
14.965,-269.84,-217.21,178.01,389.47
14.975,-269.86,-216.75,178.30,389.35
14.985,-269.91,-216.27,178.43,389.18
14.995,-269.96,-215.77,178.64,389.03
15.005,-269.99,-215.30,178.85,388.89
15.015,-269.99,-214.90,178.91,388.70
15.025,-270.02,-214.51,179.11,388.60
15.035,-270.02,-214.07,179.19,388.39
15.045,-269.94,-213.70,179.35,388.20
15.055,-269.91,-213.38,179.38,388.02
15.065,-269.94,-212.93,179.47,387.84
15.075,-269.96,-212.42,179.64,387.65
15.085,-269.97,-211.99,179.65,387.43
15.095,-269.96,-211.66,179.82,387.32
15.105,-269.96,-211.24,179.90,387.12
15.115,-269.07,-222.32,187.87,396.39
15.125,-269.05,-221.90,187.99,396.20
15.135,-269.05,-221.54,188.15,396.06
15.145,-269.00,-221.18,188.31,395.91
15.155,-268.97,-220.81,188.35,395.71
15.165,-268.97,-220.47,188.35,395.51
15.175,-268.95,-220.06,188.43,395.31
15.185,-268.96,-219.65,188.53,395.13
15.195,-268.92,-219.30,188.58,394.94
15.205,-268.85,-218.92,188.56,394.67
15.215,-268.82,-218.46,188.63,394.42
15.225,-268.81,-218.08,188.62,394.21
15.235,-268.77,-217.66,188.57,393.92
15.245,-268.79,-217.23,188.50,393.66
15.255,-268.79,-216.73,188.58,393.42
15.265,-268.74,-216.24,188.54,393.10
15.275,-268.70,-215.77,188.51,392.80
15.285,-268.62,-215.35,188.36,392.44
15.295,-268.59,-214.83,188.21,392.07
15.305,-268.45,-214.38,188.24,391.74
15.315,-268.39,-213.89,188.07,391.35
15.325,-268.39,-213.47,188.06,391.11
15.335,-268.33,-213.05,187.96,390.79
15.345,-268.35,-212.54,187.89,390.49
15.355,-268.24,-212.13,187.75,390.13
15.365,-268.10,-211.66,187.60,389.71
15.375,-268.04,-211.19,187.36,389.29
15.385,-268.00,-210.71,187.15,388.91
15.395,-267.96,-210.26,186.98,388.56
15.405,-268.02,-209.83,186.76,388.26
15.415,-267.99,-209.48,186.61,387.97
15.425,-267.99,-209.11,186.41,387.68
15.435,-268.05,-208.84,186.17,387.45
15.445,-267.98,-208.56,185.85,387.10
15.455,-267.98,-208.31,185.62,386.86
15.465,-267.99,-208.03,185.37,386.60
15.475,-268.05,-207.66,185.07,386.29
15.485,-268.14,-207.36,184.80,386.07
15.495,-268.16,-207.07,184.47,385.77
15.505,-267.16,-206.04,185.37,384.96
15.515,-267.23,-205.71,185.13,384.71
15.525,-267.25,-205.44,184.87,384.45
15.535,-267.23,-205.12,184.64,384.16
15.545,-267.25,-204.77,184.32,383.84
15.555,-267.22,-204.51,184.14,383.59
15.565,-267.22,-204.24,183.81,383.29
15.575,-267.13,-204.10,183.52,383.01
15.585,-267.18,-203.92,183.28,382.84
15.595,-267.12,-203.70,182.97,382.52
15.605,-267.23,-203.53,182.78,382.42
15.615,-267.21,-203.47,182.81,382.39
15.625,-267.29,-203.39,182.84,382.42
15.635,-267.31,-203.38,182.88,382.45
15.645,-267.32,-203.39,182.85,382.44
15.655,-267.30,-203.40,182.86,382.44
15.665,-267.34,-203.44,182.84,382.48
15.675,-267.26,-203.38,182.80,382.37
15.685,-267.24,-203.39,182.77,382.35
15.695,-267.15,-203.49,182.83,382.37
15.705,-267.06,-203.54,182.89,382.36
15.715,-267.05,-203.56,182.97,382.40
15.725,-267.09,-203.50,183.03,382.43
15.735,-267.18,-203.52,182.88,382.43
15.745,-267.18,-203.51,182.83,382.40
15.755,-267.12,-203.54,182.80,382.35
15.765,-267.18,-203.52,182.81,382.39
15.775,-267.10,-203.50,182.96,382.40
15.785,-267.15,-203.53,182.97,382.46
15.795,-267.13,-203.54,183.08,382.50
15.805,-267.12,-203.47,183.10,382.46
15.815,-267.17,-203.37,183.04,382.42
15.825,-267.12,-203.41,183.04,382.41
15.835,-267.07,-203.47,182.97,382.37
15.845,-267.00,-203.54,182.89,382.32
15.855,-266.99,-203.63,182.94,382.38
15.865,-266.90,-203.61,183.02,382.35
15.875,-266.85,-203.69,182.96,382.33
15.885,-266.86,-203.63,182.91,382.28
15.895,-266.92,-203.60,182.90,382.30
15.905,-267.03,-204.14,182.66,382.55
15.915,-267.00,-204.10,182.67,382.51
15.925,-267.05,-204.02,182.69,382.51
15.935,-267.09,-204.08,182.69,382.57
15.945,-267.10,-204.07,182.72,382.59
15.955,-267.10,-204.10,182.73,382.61
15.965,-267.05,-204.13,182.77,382.61
15.975,-267.10,-204.14,182.77,382.64
15.985,-267.10,-204.20,182.69,382.64
15.995,-267.12,-204.24,182.71,382.68
16.005,-267.12,-204.27,182.79,382.74
16.015,-267.17,-204.28,182.73,382.75
16.025,-267.11,-204.33,182.68,382.71
16.035,-267.07,-204.38,182.67,382.71
16.045,-267.12,-204.33,182.64,382.70
16.055,-267.12,-204.26,182.67,382.68
16.065,-267.15,-204.20,182.64,382.65
16.075,-267.18,-204.16,182.70,382.68
16.085,-267.17,-204.16,182.76,382.70
16.095,-267.07,-204.25,182.81,382.70
16.105,-267.04,-204.27,182.77,382.68
16.115,-267.01,-204.26,182.76,382.64
16.125,-267.04,-204.31,182.81,382.72
16.135,-267.01,-204.33,182.77,382.69
16.145,-266.96,-204.30,182.83,382.67
16.155,-266.94,-204.30,182.75,382.61
16.165,-266.98,-204.36,182.75,382.68
16.175,-267.04,-204.34,182.71,382.68
16.185,-266.96,-204.36,182.67,382.62
16.195,-267.03,-204.34,182.70,382.67
16.205,-267.06,-204.31,182.65,382.66
16.215,-267.03,-204.31,182.66,382.64
16.225,-267.05,-204.37,182.63,382.67
16.235,-266.91,-204.44,182.78,382.68
16.245,-266.99,-204.36,182.70,382.66
16.255,-266.97,-204.34,182.72,382.65
16.265,-266.96,-204.36,182.82,382.69
16.275,-266.88,-204.34,182.84,382.63
16.285,-266.89,-204.33,182.89,382.66
16.295,-266.93,-204.28,182.86,382.65
16.305,-266.93,-204.28,182.91,382.67
16.315,-266.96,-204.28,182.77,382.62
16.325,-266.94,-204.26,182.70,382.57
16.335,-266.92,-204.24,182.67,382.52
16.345,-266.93,-204.22,182.62,382.51
16.355,-266.95,-204.26,182.65,382.55
16.365,-266.95,-204.28,182.65,382.56
16.375,-267.03,-204.29,182.68,382.64
16.385,-267.01,-204.24,182.69,382.61
16.395,-267.00,-204.23,182.70,382.59
16.405,-266.94,-204.21,182.70,382.54
16.415,-266.98,-204.21,182.76,382.59
16.425,-267.00,-204.24,182.69,382.60
16.435,-267.07,-204.28,182.64,382.64
16.445,-267.11,-204.23,182.66,382.65
16.455,-267.05,-204.28,182.65,382.63
16.465,-267.05,-204.28,182.61,382.61
16.475,-267.05,-204.31,182.58,382.61
16.485,-267.04,-204.36,182.58,382.64
16.495,-267.11,-204.36,182.59,382.68
16.505,-267.17,-204.37,182.65,382.76
16.515,-267.16,-204.29,182.57,382.68
16.525,-267.14,-204.30,182.64,382.70
16.535,-267.15,-204.31,182.61,382.70
16.545,-267.10,-204.24,182.60,382.62
16.555,-267.13,-204.20,182.60,382.62
16.565,-267.13,-204.19,182.57,382.60
16.575,-267.12,-204.27,182.54,382.62
16.585,-267.05,-204.30,182.43,382.54
16.595,-267.00,-204.39,182.51,382.59
16.605,-267.01,-204.33,182.51,382.57
16.615,-267.04,-204.27,182.58,382.59
16.625,-267.02,-204.27,182.61,382.59
16.635,-267.04,-204.26,182.57,382.58
16.645,-266.99,-204.34,182.58,382.59
16.655,-266.83,-204.44,182.61,382.55
16.665,-266.87,-204.45,182.60,382.57
16.675,-266.86,-204.44,182.52,382.53
16.687,-266.94,-204.41,182.45,382.53
16.695,-267.02,-204.28,182.35,382.46
16.705,-267.01,-204.25,182.28,382.41
16.715,-267.05,-204.24,182.29,382.44
16.725,-267.03,-204.20,182.44,382.48
16.735,-267.02,-204.18,182.48,382.47
16.745,-267.06,-204.11,182.50,382.48
16.755,-267.02,-204.14,182.57,382.50
